Helena Graverini -> Elena Graverini
Timothy Head -> Timothy Daniel Head

# Not present
Osvaldo Aquines Gutierrez
Alexander Bien
Albert Bursche
Nicola Chiapolini
Matthew Coombes
Ian Counts
Francesco Di Ruscio
Stephanie Donleavy
Anatoliy Dovbnya


# Preferred name != name 
Alexander Bondar
Themistocles Bowcock
Kazuyoshi Carvalho Akiba
Shu Faye Cheung
Samuel Thomas Cunliffe

Bernardo Adeva -> Bernardo | Adeva Andany
Anthony Affolder -> Tony Affolder
Michael Alexander -> Michael Thomas | Alexander
Georgy Alkhazov -> Gueorgui Alkhazov
Antonio Augusto Alves Jr -> Antonio Augusto |  Alves Junior
Yasmine Amhis -> Yasmine Sara | Amhis
Jason Andrews -> Jason Emory | Andrews
Robert Appleby -> Robert Barrie | Appleby
John Back -> John James | Back
Clarissa Baesso -> Clarissa | Azevedo Baesso
William Barter -> William James | Barter
Ignacio Bediaga -> Ignacio De Bediaga Hickman
Ivan Belyaev -> Vanya Belyaev
Eli Ben-Haim -> Eli Ben Haim
Marc Olivier Bettler -> Marc Olivier Bettler
u'Fr\xe9d\xe9ric Blanc' '-> Frederic Henry | Blanc
Steven Blusk -> Steven Roy Blusk
Nikolay Bondar -> Nikolai Bondar
Walter Bonivento -> Walter Marcello | Bonivento
Svende Braun -> Svende Annelies | Braun
Thomas Britton -> Thomas Jackson Britton
Daniel Campora Perez -> Daniel Hugo Campora Perez
Matthew Charles -> Matthew John | Charles
Shu-Faye Cheung -> Shu Faye Cheung 
Gregory Ciezarek -> Gregory Max | Ciezarek
Harry Cliff -> Harry Victor | Cliff
Lucian Cojocariu -> Lucian Nicolae | Cojocariu
Albert Comerma-Montells -> Albert Comerma Montells
Andrew Cook -> Andrew David | Cook
Andrew Crocombe -> Andrew Christopher | Crocombe
Samuel Cunliffe -> Samuel Thomas | Cunliffe
Robert Currie -> Robert Andrew | Currie
Jeremy Dalseno -> Jeremy Peter Dalseno
Jussara De Miranda -> Jussara | Marques De Miranda
Leandro De Paula -> Leandro | Salazar De Paula
u'Nicolas D\xe9l\xe9age' -> Nicolas Aurelien | Deleage
u'Alvaro Dosil Su\xe1rez' -> Alvaro Dosil Suarez
Alexey Dzyuba -> Aleksei Dziuba
Semen Eidelman -> Simon Eydelman
Ulrich Eitschberger -> Ulrich Paul | Eitschberger
Robert Ekelhof -> Robert Jan Ekelhof
Christian Elsasser -> Christian Urs Elsasser
Scott Ely -> Scott Edward | Ely
Timothy Evans -> Timothy David Evans
Dianne Ferguson -> Dianne Marion | Ferguson
Victor Fernandez Albor -> Victor Manuel Fernandez Albor
Fernando Ferreira Rodrigues -> Fernando Luiz | Ferreira Rodrigues
Sergey Filippov -> Sergey Philippov  ????
Oscar Francisco -> Oscar Augusto | De Aguiar Francisco
Abraham Gallas Torreira -> Abraham Antonio | Gallas Torreira








